grp,sdcor,var1,var2,vcov
style_id,0.261533393,intercept,,0.0683997157
style_id,0.179054072,age1,,0.0320603607
style_id,-0.0592616683,intercept,dress_numeric_size1,-0.0008993555
style_id,0.2922724625,intercept,dress_numeric_size2,0.0081476977
style_id,0.0932703396,intercept,dress_numeric_size3,0.0069498027
style_id,0.3755423543,age1,age2,0.0079593661
style_id,-0.7416601009,age1,age3,-0.0267420464
style_id,0.4791767844,age1,dress_numeric_size1,0.0049786356
style_id,0.1799004078,age1,dress_numeric_size2,0.0034334934
style_id,-0.0753677994,age1,dress_numeric_size3,-0.0038447828
style_id,0.0944400104,age2,age3,0.002251111
style_id,0.2167781495,age2,dress_numeric_size1,0.0014889538
style_id,0.1183682851,age2,,0.0140110509
style_id,0.2258712998,age2,dress_numeric_size2,0.0028498124
style_id,0.0858119361,age2,dress_numeric_size3,0.0028939087
style_id,-0.3055793944,age3,dress_numeric_size1,-0.0035707542
style_id,-0.0813535942,age3,dress_numeric_size2,-0.0017462327
style_id,0.0577288745,age3,dress_numeric_size3,0.0033120766
style_id,-0.1770128085,dress_numeric_size1,dress_numeric_size2,-0.0010948508
style_id,-0.6551969678,dress_numeric_size1,dress_numeric_size3,-0.0108318844
style_id,0.7394820868,dress_numeric_size2,dress_numeric_size3,0.0224568732
style_id,0.2013749844,age3,,0.0405518844
style_id,0.0580270337,dress_numeric_size1,,0.0033671366
style_id,0.1065908342,dress_numeric_size2,,0.0113616059
style_id,0.2849061131,dress_numeric_size3,,0.0811714933
style_id,0.1643376104,intercept,age1,0.0076957033
style_id,0.0961124222,intercept,age2,0.0029753772
style_id,-0.0248491539,intercept,age3,-0.0013087126
